time,precip_rate,PET
1998-02-20,0.00017335924672814713,0.0019726306349035637
1998-02-21,0.018809258917134322,0.005809837993233864
1998-02-22,0.012084255312001618,0.006267953591420768
1998-02-23,0.010792577074901492,0.006405108544043511
1998-02-24,0.019834647139877974,0.005937559893587113
1998-02-25,0.0001937442461726942,0.005516349550336275
1998-02-26,0.001254401331055739,0.004798663716064209
1998-02-27,0.0,0.0050258803833271234
1998-02-28,0.0,0.005400939576327374
1998-03-01,0.0011763451872573985,0.005894263900815766
1998-03-02,0.0,0.00564533165283437
1998-03-03,0.0,0.0052166197411712195
1998-03-04,0.0,0.004695152183994067
1998-03-05,0.00010818871125219557,0.0032884881850327886
1998-03-06,0.0,0.0031797092678019167
1998-03-07,0.0033389717263444915,0.0028405363317574577
1998-03-08,0.0,0.0032462570117781147
1998-03-09,4.1892421394646965e-05,0.0035442003048951113
1998-03-10,5.073598448128247e-05,0.004949503209441449
1998-03-11,0.04336459616484617,0.005522796907461541
1998-03-12,1.36880671592859e-05,0.004722154019399888
1998-03-13,0.019835414820048705,0.002758834461681301
1998-03-14,0.03973642507251936,0.0024663051180537493
1998-03-15,0.002657544500261667,0.0048861471712585
1998-03-16,0.0,0.004239351764320801
1998-03-17,4.42178151067212e-05,0.0032570806965227274
1998-03-18,0.003996812298635476,0.0042212200909848
1998-03-19,0.007313325459039281,0.0031684141717846243
1998-03-20,0.0,0.0030268026590343253
1998-03-21,0.0,0.0036617266312237978
1998-03-22,0.00032227977594960873,0.0050844540596004
1998-03-23,0.0,0.004950226277112458
1998-03-24,0.0,0.004356908127664926
1998-03-25,0.0,0.0037659538649018457
1998-03-26,0.0,0.004320214949547681
1998-03-27,0.0,0.0031677379123863057
1998-03-28,0.0,0.002070117555558383
1998-03-29,0.007473308638005814,0.004458159007131504
1998-03-30,7.962422207926017e-05,0.004480892602353917
1998-03-31,6.585280132430248e-05,0.004389290098100384
1998-04-01,0.0,0.004490750357508299
1998-04-02,0.004927942393738526,0.003735465120523783
1998-04-03,7.529065725108292e-05,0.0024547662008549374
1998-04-04,0.0038119759094235105,0.003322919331490591
1998-04-05,0.0007921865687733023,0.004062256798147798
1998-04-06,0.0001484982488682465,0.0034951962605115033
1998-04-07,0.0,0.0021494324654336965
1998-04-08,0.011015168662195297,0.0010167511533944128
1998-04-09,0.023019083502396523,0.00365679594874341
1998-04-10,0.0,0.003637853752821338
1998-04-11,0.0,0.002934231493621725
1998-04-12,0.0,0.0024330875799056105
1998-04-13,0.0,0.003306799130513777
1998-04-14,0.0,0.003556746273301072
1998-04-15,0.007912767617971186,0.003531810777494129
1998-04-16,0.0,0.0024390570111569236
1998-04-17,0.0021379505165378156,0.0011270933039483379
1998-04-18,0.0001287260050375121,0.0031234785094853617
1998-04-19,0.0,0.0030315922703589267
1998-04-20,0.0,0.0021067411759865488
1998-04-21,1.36880671592859e-05,0.0004073804636718705
1998-04-22,0.003246199706534668,0.0001742970612831414
1998-04-23,0.00807127414966111,0.0010357900410888834
1998-04-24,0.00124288215129413,0.0020966308359051194
1998-04-25,0.0008265484948822215,0.0019238238751419492
1998-04-26,0.0,0.0009183395775032117
1998-04-27,1.3688067292352385e-05,0.0015612368118012971
1998-04-28,0.0014872805099019374,0.0032555475709953874
1998-04-29,0.00021428153862328503,0.0031937705159648297
1998-04-30,9.450064418401044e-05,0.0026360672004515705
1998-05-01,0.0,0.001890566596761025
1998-05-02,0.0008720675977219283,0.0017570458911355673
1998-05-03,0.0,0.0017022485285994036
1998-05-04,0.0006413664049671044,0.002707028366624818
1998-05-05,4.1892421925142175e-05,0.0024117536917325887
1998-05-06,0.0,0.00159241607785192
1998-05-07,0.014823641049072172,0.0007892161449416166
1998-05-08,0.0059013407648144415,0.0022059317454692284
1998-05-09,0.0007919490235951672,0.0021644154116505715
1998-05-10,0.002301898057099176,0.0023287360891695217
1998-05-11,0.004474659494963892,0.0020815182998772746
1998-05-12,0.000895190738549461,0.0011126862186935716
1998-05-13,0.008674837239460541,0.0017896650508041957
1998-05-14,0.002003714126323558,0.0021096069514747917
1998-05-15,0.0004476404559154652,0.001213617542758398
1998-05-16,0.0009166029663272647,0.0008790033981202081
1998-05-17,0.0006967524666724394,0.0018578497879202338
1998-05-18,0.0001616251556759823,0.0018015187829730267
1998-05-19,0.009149704823645292,0.0006848605209959891
1998-05-20,0.0010004904314548629,0.00028298454498872165
1998-05-21,0.0006711144403434574,0.00032861006911844015
1998-05-22,0.004023783757371882,0.0007093570921569726
1998-05-23,0.023483932564204783,0.0017492587864395858
1998-05-24,0.0039921686835635165,0.002101547420024506
1998-05-25,0.0018287477063315318,0.0018743503503497352
1998-05-26,0.006003706722028053,0.0020933231525121104
1998-05-27,0.00413453095000423,0.001911094579845392
1998-05-28,1.27826992934507e-14,0.0013308212403205283
1998-05-29,0.0003863636101258117,0.0007494445461777463
1998-05-30,0.0,0.0007353763887656543
1998-05-31,0.001086473872321297,0.0013987192455676362
1998-06-01,0.0,0.0016583119034763705
1998-06-02,5.709259132487403e-05,0.0014786028023807236
1998-06-03,0.018575586863427945,0.001722886389120988
1998-06-04,0.0,0.001497270194813282
1998-06-05,0.0,0.0007942490009588551
1998-06-06,8.84356302134425e-06,0.000377394635695964
1998-06-07,0.010627074074583525,0.00030962358671239685
1998-06-08,0.014457186394448472,0.001730652065947268
1998-06-09,0.00047986700807507796,0.0018443460818376115
1998-06-10,0.0007538891493732167,0.001075457984581373
1998-06-11,0.0016487513969452965,0.0003229437472764403
1998-06-12,0.0007140595215040964,0.00024747233861125995
1998-06-13,0.0616760634818865,0.0002763150411192328
1998-06-14,0.021627246104331886,0.0011286376137283115
1998-06-15,6.335737564000507e-06,0.0018233778644349738
1998-06-16,0.0,0.0013205240033563855
1998-06-17,0.0001842579184920409,0.0011480420688164932
1998-06-18,0.015488960458018014,0.0018127685580399185
1998-06-19,0.0025475413203529685,0.001635687135159536
1998-06-20,0.00010685848319486678,0.0013324949154627122
1998-06-21,5.464007150250784e-05,0.0013263848638159488
1998-06-22,0.0,0.001390590721741026
1998-06-23,0.0,0.0008801451306789012
1998-06-24,0.0002060489870511487,0.0005638228235764924
1998-06-25,0.007791981114064027,0.0005945602986029306
1998-06-26,0.01086861092737358,0.0011139403255653096
1998-06-27,0.00208534696880104,0.0014257231727239138
1998-06-28,6.597167509954611e-14,0.001358355293050132
1998-06-29,1.5179300622760766e-05,0.0016768064703788837
1998-06-30,0.0,0.0014021413791921694
1998-07-01,0.014923311660765092,0.0007953399755059357
1998-07-02,0.02763940502562902,0.0017085439190264388
1998-07-03,0.0006649774360062577,0.0015932365339246873
1998-07-04,0.00024333069695602757,0.0013033656571057235
1998-07-05,1.971016869715e-05,0.0013806299064306191
1998-07-06,0.0,0.001515943018719153
1998-07-07,1.74039303922111e-05,0.0013492858894167115
1998-07-08,0.02134975462320347,0.0002833153791725636
1998-07-09,0.0618794754680148,0.0003212895102333277
1998-07-10,0.012260306759331029,0.0003489713134475946
1998-07-11,0.04031688729527643,0.0011514990832652708
1998-07-12,0.0027492690817122107,0.0014266599472607848
1998-07-13,5.3224902981031206e-05,0.0012364204805343378
1998-07-14,0.08940070161806284,0.0009789728894826627
1998-07-15,0.00316234935190602,0.0007693714993073369
1998-07-16,0.04778071326568519,0.001133413285016754
1998-07-17,0.000632343835001063,0.0015686612129209164
1998-07-18,1.732627771007607e-05,0.001178335038944781
1998-07-19,0.0,0.001657675724476246
1998-07-20,0.0,0.001467665605246728
1998-07-21,3.71140986998689e-05,0.0006233327519147544
1998-07-22,0.0,0.0005193458236753046
1998-07-23,0.0008566840811448261,0.0010739218294619117
1998-07-24,0.03954550237295371,0.0009260617047547058
1998-07-25,0.1380458368860957,0.00028832573071122176
1998-07-26,0.07477347141682444,0.0005160185135900696
1998-07-27,0.0022919656357197654,0.0012085883188990498
1998-07-28,0.00018122954755150577,0.002158483389764542
1998-07-29,3.88883208718986e-05,0.0020628776177761287
1998-07-30,0.004375882569643047,0.0019209739267822506
1998-07-31,0.0,0.0015999331399795286
1998-08-01,0.0017543628855905924,0.0015331418476995369
1998-08-02,1.97101693368432e-05,0.0017039087824518464
1998-08-03,0.003285097326430692,0.0019578845575448384
1998-08-04,0.0,0.001781644541769674
1998-08-05,9.818768936306801e-05,0.0019641310051079926
1998-08-06,0.0,0.001686508685350176
1998-08-07,0.0010840593026039444,0.0009579337984321587
1998-08-08,0.0016925266162711309,0.0006893970482050365
1998-08-09,0.0027196467217335592,0.0006105473991481571
1998-08-10,0.0669581788367628,0.0007729476876555525
1998-08-11,0.04860794955156542,0.0019155930727717298
1998-08-12,0.0012708562366470126,0.0025415003597731756
1998-08-13,0.0014990491653874053,0.0023562469929452384
1998-08-14,0.002511547507803751,0.0020293591246005054
1998-08-15,0.005090259820376496,0.002287444382905569
1998-08-16,0.010856816179154662,0.002429332935891005
1998-08-17,0.0,0.0023608555186068764
1998-08-18,0.022596075058176776,0.0017676707534117438
1998-08-19,0.007029433924615825,0.0013538867856837257
1998-08-20,0.010122880955633,0.0014480627980079743
1998-08-21,0.003334115659213155,0.0016069383630526492
1998-08-22,0.0,0.0011284778888801348
1998-08-23,0.0,0.0005455364198423922
1998-08-24,0.0,0.0007814788506365389
1998-08-25,5.1795740555227345e-05,0.0008703926960004355
1998-08-26,0.011528355617029829,0.001436213590204528
1998-08-27,0.03343921239248382,0.002625119790434292
1998-08-28,0.00018206468257882214,0.002417640862986175
1998-08-29,0.0004139135444045298,0.0024070642367001872
1998-08-30,0.004332064469189382,0.002992589427448919
1998-08-31,0.0,0.002915633774594823
1998-09-01,0.0,0.0029847660376686016
1998-09-02,9.528348909944228e-05,0.0027067325990643384
1998-09-03,0.0,0.002783522323704823
1998-09-04,0.0008759505820083817,0.002584607777185305
1998-09-05,0.0009868032168974512,0.001918324875644926
1998-09-06,0.007496731803703332,0.0025436869245018976
1998-09-07,0.0007331639421115215,0.002595160476862896
1998-09-08,0.0046975094442068144,0.0020891067814077665
1998-09-09,3.3692268635664246e-05,0.002451068541034685
1998-09-10,0.000783647900042755,0.002375610923394019
1998-09-11,0.0016517544143431824,0.0031117358803745237
1998-09-12,0.00029112488327543877,0.002990917518734455
1998-09-13,0.0,0.0021812099069352963
1998-09-14,0.0,0.0009961270373311272
1998-09-15,0.0074930941385635205,0.0009241289994677991
1998-09-16,0.019517616453483874,0.003058020081370688
1998-09-17,0.0036857686604569928,0.003860045175998918
1998-09-18,0.0029225133787595266,0.003453608196228335
1998-09-19,0.0,0.00310458821058209
1998-09-20,0.0,0.004097630515694174
1998-09-21,0.00033537080535688663,0.004150750055908573
1998-09-22,0.0,0.00360667517781223
1998-09-23,0.0,0.002833164986222638
1998-09-24,0.0,0.0025647946186360677
1998-09-25,0.0,0.00176635295525165
1998-09-26,0.00016527242586006054,0.0018967715119939466
1998-09-27,0.01673773227717127,0.0045166851207609
1998-09-28,0.002258936532725285,0.003406206939369077
1998-09-29,0.0021647138616882693,0.0008378301216287517
1998-09-30,0.030267131582022162,0.0035204318165772586
1998-10-01,0.0016136806282119893,0.003733523800968738
1998-10-02,0.0,0.0040213979929679
1998-10-03,0.002886031251896268,0.004610919632017199
1998-10-04,0.0008379569891612628,0.005126264572143
1998-10-05,0.003955131234474486,0.0048503599986428995
1998-10-06,1.72119889779801e-05,0.0037147382593243814
1998-10-07,0.0,0.001574700576485606
1998-10-08,0.0002716283661876313,0.0007534792920340412
1998-10-09,0.0008430635627504045,0.00031330213323235516
1998-10-10,0.0034426894422063155,0.0011578049166127225
1998-10-11,0.03270520738546905,0.002156766961328226
1998-10-12,0.014994943605326497,0.005134361764415587
1998-10-13,0.002357108374096259,0.004276881360448457
1998-10-14,0.0010804074828972838,0.004041018880903314
1998-10-15,0.011681278129648474,0.004817787267267217
1998-10-16,0.0021210157290386207,0.004452420590444819
1998-10-17,0.0023935480214544377,0.004735231600701191
1998-10-18,4.938922859284744e-05,0.004899796824901836
1998-10-19,0.0,0.004137799064977621
1998-10-20,0.0009067939086219068,0.005308873692526724
1998-10-21,0.010869112173080979,0.004843038201971788
1998-10-22,0.006317375949297737,0.0028980639260256834
1998-10-23,0.001068770994958208,0.00353389935567929
1998-10-24,0.00323294068188769,0.0033174179075280536
1998-10-25,0.0008364783121504368,0.0054258278254414
1998-10-26,5.3118444016362505e-05,0.00420631339214706
1998-10-27,0.0,0.0036748111341144488
1998-10-28,0.005991185566362123,0.004512733680195649
1998-10-29,0.00838306242513686,0.005192646652459538
1998-10-30,8.475768330504718e-05,0.004919290022924016
1998-10-31,7.767618999150456e-05,0.0044999306164677875
1998-11-01,0.001296858957137854,0.0031738057471808554
1998-11-02,0.001711450727764152,0.002883922470733141
1998-11-03,0.007627982378613515,0.003773910202085521
1998-11-04,0.0011923524839974069,0.005130793929099495
1998-11-05,6.767610141713042e-05,0.005012002669274396
1998-11-06,0.0003346654197602738,0.00444183833524527
1998-11-07,1.991941651344047e-05,0.004052465688436719
1998-11-08,0.00037755885582745795,0.004302209215238171
1998-11-09,0.0,0.005803679898380821
1998-11-10,0.0,0.004945407774298733
1998-11-11,0.0,0.004942201513796541
1998-11-12,0.0,0.005299904771148575
1998-11-13,0.0003197340632952,0.004897870000451362
1998-11-14,7.837939167106867e-05,0.0033512532003219624
1998-11-15,0.0001499781275078843,0.0025831496957684106
1998-11-16,0.0005162747315686264,0.0031505064480000615
1998-11-17,0.0,0.004153348378836542
1998-11-18,0.0009092086811999783,0.0058196379467837685
1998-11-19,0.0,0.005402411833404969
1998-11-20,0.0019139521767920966,0.0029543693810695835
1998-11-21,0.007603879753297868,0.001707028082571531
1998-11-22,0.01725954423889815,0.003260216202586495
1998-11-23,0.0001435321364040068,0.005102318182587223
1998-11-24,0.0,0.006110697202383818
1998-11-25,0.003275462432223859,0.006720558695494653
1998-11-26,0.0,0.005685306914150164
1998-11-27,0.011721029644838317,0.0038990482799704227
1998-11-28,0.044872153230427744,0.002671738378703323
1998-11-29,0.015650722159761307,0.002338282071053566
1998-11-30,0.005682757890004658,0.0059617697745553005
1998-12-01,0.0,0.0060264657437794624
1998-12-02,4.3305764521884486e-05,0.006497527413069644
1998-12-03,0.029058310187203843,0.005127963900565629
1998-12-04,0.004095893298822574,0.006097674630581791
1998-12-05,3.48078607844222e-05,0.0066496367827051
1998-12-06,0.004362296993065575,0.0063947550281876
1998-12-07,0.0019844242609012206,0.005787524342536437
1998-12-08,0.0010079249521342197,0.005070930801331431
1998-12-09,0.0,0.004073903795331228
1998-12-10,0.008840061859319247,0.004679862625896383
1998-12-11,9.69615404289857e-05,0.004831889033317043
1998-12-12,0.0,0.0047298231422894035
1998-12-13,0.0,0.0058317063376300896
1998-12-14,0.00029830966766315585,0.0066979110613459
1998-12-15,3.367687665116421e-05,0.0058629390671842
1998-12-16,0.0,0.0056789311096066
1998-12-17,0.0,0.003083103713928248
1998-12-18,0.013258501503611098,0.0017289616279301512
1998-12-19,0.00033525891941869337,0.005137312933802
1998-12-20,0.0009417302544164787,0.005778420761226884
1998-12-21,0.0001746425338109211,0.0069543343037359
1998-12-22,0.0,0.0070320148542517
1998-12-23,0.0,0.0066314507871859
1998-12-24,0.0,0.004901397150009418
1998-12-25,0.0,0.0029574788715685863
1998-12-26,0.0,0.001058010102249257
1998-12-27,0.0,0.00163822956010652
1998-12-28,0.0,0.002843923311680045
1998-12-29,0.0,0.004897557727991936
1998-12-30,0.0,0.0060793816298241
1998-12-31,0.0,0.0056694639548653
1999-01-01,1.2671475080737346e-05,0.0064975501000875
1999-01-02,0.0,0.006142145134507903
1999-01-03,0.0002785996657511082,0.005820527583360136
1999-01-04,0.0,0.0072553914710871996
1999-01-05,0.0,0.005654872357844811
1999-01-06,0.0,0.006218843147158183
1999-01-07,0.0,0.0069823842942707
1999-01-08,0.0,0.0072212234586472
1999-01-09,8.369853820391988e-05,0.0061453857645387
1999-01-10,0.00023017441509978095,0.0034337518587703466
1999-01-11,2.19810804812058e-05,0.004172394983469836
1999-01-12,0.0070451465028886235,0.003061285875737185
1999-01-13,0.01601468452323545,0.0011518204864111913
1999-01-14,0.006728965984748306,0.0011632276736198326
1999-01-15,0.0042909012063737755,0.001987744560464722
1999-01-16,0.004875717539143142,0.00511006894707617
1999-01-17,0.007899781670996248,0.005623852811753269
1999-01-18,0.0013109555520382694,0.0058883785456413165
1999-01-19,0.0,0.0060439890027039
1999-01-20,0.0,0.003593873936682303
1999-01-21,0.022930219135943772,0.0029517862796779063
1999-01-22,0.002961693146397929,0.0014903780939052637
1999-01-23,0.007364296645087566,0.0017925181780007052
1999-01-24,0.0012690239254938439,0.006319067507981725
1999-01-25,0.0,0.007185520716010892
1999-01-26,9.8096899732175e-05,0.006949392057954544
1999-01-27,0.0,0.006777510136365308
1999-01-28,0.00011074914622409928,0.004478214085101688
1999-01-29,0.0,0.0013160430146377778
1999-01-30,0.008179325791425537,0.0025838006874541516
1999-01-31,0.005905853958291517,0.0066946636438362855
1999-02-01,0.0010442193609520776,0.006170286301522728
1999-02-02,0.0,0.0048166113831097385
1999-02-03,0.0005488199764936597,0.004428733613341511
1999-02-04,0.0,0.004393256738781458
1999-02-05,0.0,0.0030581960864358585
1999-02-06,0.0,0.0024541145097459163
1999-02-07,0.0001423066790758814,0.0023730460498476093
1999-02-08,1.6272946506654272e-05,0.0039510074499988284
1999-02-09,0.001609549587165062,0.00553664282336763
1999-02-10,0.00042101039675006947,0.004019341319798969
1999-02-11,0.00110571793809615,0.002281557751819135
1999-02-12,0.0004952467420799296,0.0015382077684622142
1999-02-13,0.0,0.0023190298601979157
1999-02-14,0.0,0.0032284768186503134
1999-02-15,0.0,0.003461282251402126
1999-02-16,0.0,0.003935800028964386
1999-02-17,0.0,0.004543943887576099
1999-02-18,0.0,0.004175456067546775
1999-02-19,0.0006415184927328237,0.004100892131216437
1999-02-20,0.0,0.0055231434311710246
1999-02-21,0.0,0.005324795514344588
1999-02-22,0.0,0.006040630595757978
1999-02-23,1.47034949862095e-13,0.004575504666659631
1999-02-24,0.00035407294421362665,0.0031033775545652887
1999-02-25,0.0002675000385246474,0.0015186171183592492
1999-02-26,0.01708212349298732,0.002812304882099349
1999-02-27,0.00011958913330588084,0.005058394074439421
1999-02-28,0.0,0.005324825786053444
1999-03-01,0.0,0.004972006460651088
1999-03-02,0.0,0.004300894886254818
1999-03-03,0.0,0.004414553385227341
1999-03-04,0.0,0.004093992110341358
1999-03-05,0.004517129402593847,0.002703663418534896
1999-03-06,0.014541707441085933,0.0007461228603495717
1999-03-07,0.030180427900455928,0.0021715101730073326
1999-03-08,0.0001576884074749772,0.003436002893372847
1999-03-09,0.00619458109338035,0.0030261824079785295
1999-03-10,0.003110344977543904,0.004538327863905013
1999-03-11,0.0007397386410764608,0.004603831053245287
1999-03-12,0.00268149595228476,0.0041356872091996245
1999-03-13,0.004330297735267652,0.0049444084316488
1999-03-14,0.00011357311262107896,0.0050582215487952
1999-03-15,0.0,0.0051979422941799
1999-03-16,0.0,0.0052277852222319
1999-03-17,0.00011771628099582923,0.0052469425350423
1999-03-18,0.0,0.004716687843203
1999-03-19,0.0,0.004085464380680941
1999-03-20,0.0,0.004246733792125727
1999-03-21,1.09905402406029e-05,0.0047496538013217
1999-03-22,0.0,0.004208236210047678
1999-03-23,0.00013872139916212576,0.004477723568677502
1999-03-24,0.0008250061543909456,0.003891732767224004
1999-03-25,0.005432432898911543,0.0019996172320093457
1999-03-26,0.001490689001763175,0.00029901970271021134
1999-03-27,8.949397950646656e-05,0.0014179742150004658
1999-03-28,0.0009322877846760659,0.0014211137127127956
1999-03-29,0.002418079437058386,0.0012512858947735872
1999-03-30,2.83944702433218e-05,0.0024006941802795206
1999-03-31,0.0048103030683345266,0.004443151861428577
1999-04-01,0.000542115515949159,0.003861484434455059
1999-04-02,0.0005694325491018999,0.003409737579524203
1999-04-03,0.0,0.0030341275334353655
1999-04-04,0.0,0.00270822101086331
1999-04-05,0.013523837293944659,0.001233630786649659
1999-04-06,0.05270595185571123,0.0005575805953703084
1999-04-07,0.005765190708195473,0.003132839977740774
1999-04-08,0.005246380572011972,0.0042142703123385595
1999-04-09,0.0002890993138729241,0.0036445322968060856
1999-04-10,3.5930623192108996e-13,0.003366948876529572
1999-04-11,0.0023753073614578243,0.0036386080421502627
1999-04-12,0.00015188738864576945,0.0032849498419086154
1999-04-13,0.0001898702819339263,0.0029017109563569585
1999-04-14,0.0003438502916989996,0.003120313864200742
1999-04-15,0.0028621343083444785,0.0031594133069734807
1999-04-16,0.012750704371165274,0.0031865003693379284
1999-04-17,0.01867380665603358,0.0026674363305789857
1999-04-18,0.0031090968333256346,0.002053537692874211
1999-04-19,0.0011478468404366594,0.0029693649634714905
1999-04-20,0.0,0.003171968508511266
1999-04-21,0.0,0.0023856248566876937
1999-04-22,0.0,0.0013401588099074665
1999-04-23,0.0014638293240548,0.0008864114386959713
1999-04-24,0.0033629861841043725,0.0009442434161900164
1999-04-25,0.005884379313646309,0.0007770422603934104
1999-04-26,0.019770448194039707,0.001124849671497618
1999-04-27,0.009854778555957101,0.0009569257709660306
1999-04-28,1.09905402406029e-05,0.001327733256620938
1999-04-29,0.0004304453739541495,0.0009084574254955462
1999-04-30,0.053795067098750565,0.0006747625119750474
1999-05-01,0.008246327091393205,0.0019890762572171354
1999-05-02,0.0012650992954608294,0.002656131088733347
1999-05-03,1.545605635472269e-05,0.002774847835301879
1999-05-04,5.03755507245277e-05,0.0024379666000601797
1999-05-05,0.002308756346249265,0.002417842634021834
1999-05-06,0.0006341800909753543,0.002269410654902109
1999-05-07,0.0,0.002254006586968505
1999-05-08,0.0,0.002149081066250431
1999-05-09,0.000168035059771765,0.0022001247629518743
1999-05-10,0.0002014855950278823,0.0020422971136864546
1999-05-11,0.0,0.0013116560112682494
1999-05-12,0.0,0.0018857766203580447
1999-05-13,0.0035527388703446476,0.0004126671180129052
1999-05-14,0.0001303580729710544,0.0004366596452891827
1999-05-15,0.004811430250156895,0.0008677404634653328
1999-05-16,0.011786807480879163,0.002035397309809609
1999-05-17,0.004101741914940347,0.0023537359796461568
1999-05-18,0.0,0.002249889008700354
1999-05-19,0.0,0.0021595560908313346
1999-05-20,0.0,0.0020825168304141693
1999-05-21,0.0,0.0021260011717673527
1999-05-22,0.0,0.0021081961728628925
1999-05-23,0.0,0.002056300844996909
1999-05-24,0.0,0.0019702427051957704
1999-05-25,0.0,0.001414646441116684
1999-05-26,0.00044642950083605365,0.0009233177024867389
1999-05-27,0.0,0.0007232795590532679
1999-05-28,0.0,0.0006963374391197184
1999-05-29,1.9619379946435e-05,0.0009462231993670703
1999-05-30,0.0050369724690058,0.0013492447305468388
1999-05-31,0.0003841618906073438,0.0016552875190970731
1999-06-01,0.0032739949404147197,0.0012492351867255268
1999-06-02,0.002636823334278297,0.001809375174343396
1999-06-03,0.002015281018997206,0.0016332327798005534
1999-06-04,0.004135713556087984,0.001689727809279961
1999-06-05,0.00034860176960331866,0.0013936130050566486
1999-06-06,0.00011525972484519996,0.0015593441855158937
1999-06-07,0.0,0.0018186844270671352
1999-06-08,0.0,0.001852461745962158
1999-06-09,0.007045760618291522,0.0015532257221635844
1999-06-10,1.971016869715e-05,0.0013164934981611375
1999-06-11,0.0,0.0012006148397918504
1999-06-12,0.0011217596402875387,0.0010446608262133946
1999-06-13,0.01904800952488973,0.0011004785532129564
1999-06-14,0.0003247828536906582,0.0009380787620317833
1999-06-15,0.0062158849021804255,0.001667641101404705
1999-06-16,0.008821761541667552,0.0019438596647228324
1999-06-17,0.012555026985704994,0.0016911308690901775
1999-06-18,0.0036413811754814887,0.0014772158116099475
1999-06-19,0.0015295173494611783,0.0013270388524976961
1999-06-20,0.0,0.0006547988825476392
1999-06-21,0.012659110853674164,0.0012832521144295992
1999-06-22,4.02697237397706e-05,0.001636473874561073
1999-06-23,9.9372090371811e-06,0.001574469352140724
1999-06-24,0.00011190683599601693,0.0016263841483738436
1999-06-25,0.0,0.0016399109456686051
1999-06-26,0.01582341532717959,0.0012553320368747975
1999-06-27,2.9708066047300825e-05,0.0013092423276972243
1999-06-28,5.88261555918195e-05,0.0015710992012169071
1999-06-29,3.70364464072261e-05,0.0016895650252696675
1999-06-30,0.0,0.0016977043244983878
1999-07-01,0.0,0.0015886802636084333
1999-07-02,0.0035659408756543902,0.0015401847828176189
1999-07-03,0.010294133899368887,0.001833581257611175
1999-07-04,0.0023465803601020337,0.0016380453631278159
1999-07-05,0.0007441730622084435,0.0011612118482586956
1999-07-06,3.73022778305344e-05,0.0010668701017272494
1999-07-07,0.004271077398253156,0.0017466304823752772
1999-07-08,0.0061647468375328465,0.0018517156764860751
1999-07-09,0.00042185125476595887,0.00174786405637833
1999-07-10,0.0,0.0015367488916959936
1999-07-11,1.97101691382549e-05,0.0015497961509969285
1999-07-12,3.0075405614739464e-05,0.0016733680944885454
1999-07-13,4.7401683428987985e-05,0.0016414856519545973
1999-07-14,0.0035387728098341424,0.0013221799340095751
1999-07-15,0.004621589518878445,0.00035396428161766383
1999-07-16,0.05236945760129554,0.00034434435330331326
1999-07-17,0.006418009838470449,0.0008021081089970458
1999-07-18,0.0009887270456175167,0.0009953092662613613
1999-07-19,0.01449064768087364,0.0018019084595139903
1999-07-20,0.00045690604813460034,0.00185087308660098
1999-07-21,0.015205243250226182,0.001588903997092927
1999-07-22,0.0010882648784538934,0.001814659539609734
1999-07-23,0.0042239442865499265,0.001357158336788128
1999-07-24,1.9343648478846716e-05,0.001306575130670869
1999-07-25,1.74039303922111e-05,0.0015541044250127571
1999-07-26,0.007899832803572853,0.0021327102519568255
1999-07-27,0.007038533219640655,0.001930854644626011
1999-07-28,0.0017876377470140226,0.001934359278529611
1999-07-29,0.00015910724679234453,0.0019559597745534454
1999-07-30,2.3031144362953514e-05,0.0017854337766763776
1999-07-31,0.0,0.0018192259930072073
1999-08-01,0.000680954367882938,0.0015650595761833811
1999-08-02,0.01707004406325624,0.0009830822516230654
1999-08-03,0.001106507492710081,0.002062295436858818
1999-08-04,0.0048168279708975924,0.0020747032128271177
1999-08-05,0.01881103663605025,0.0020013394840057873
1999-08-06,0.0034658866535565067,0.0020150959342714217
1999-08-07,4.657954405045518e-05,0.0021516003161665635
1999-08-08,0.0,0.0022763943448657776
1999-08-09,0.0,0.002381306201219034
1999-08-10,0.0,0.002037241891026058
1999-08-11,0.004942118533924943,0.0015727715902026603
1999-08-12,0.02006039072804824,0.0023208046033975707
1999-08-13,0.0004909091079775655,0.0021799547448750323
1999-08-14,0.0,0.0017100780829784074
1999-08-15,0.011847041025299862,0.001914716315018818
1999-08-16,0.010754049422305694,0.0024727491567606463
1999-08-17,0.0038139931961455684,0.0025131838470692914
1999-08-18,0.0004799090898494016,0.0022868126416575605
1999-08-19,0.0,0.002102461786474585
1999-08-20,0.0,0.0013028081813823925
1999-08-21,0.01236853211676594,0.001325963866896694
1999-08-22,0.0024994555041228093,0.001677576942368845
1999-08-23,0.003384961910254442,0.0015745980590579
1999-08-24,0.0013061518260078578,0.0011900867819781239
1999-08-25,8.457646997347292e-05,0.002098759850486559
1999-08-26,9.9372090371811e-06,0.002857560455798546
1999-08-27,0.0,0.0025949282012875234
1999-08-28,0.0,0.002499550160020356
1999-08-29,0.0,0.0029106082543726656
1999-08-30,0.0,0.0025202278785867887
1999-08-31,0.0004689219891632421,0.0023517660291393267
1999-09-01,0.007065749155735629,0.002337140055372867
1999-09-02,0.00028325489530732967,0.003166919687762444
1999-09-03,0.00017398904590885272,0.0027694272352377152
1999-09-04,7.551425155127603e-05,0.0021454799743366123
1999-09-05,0.001312091069779375,0.0012882459769023356
1999-09-06,0.0018207760465724296,0.0012725871475409813
1999-09-07,0.01992161128143447,0.0019338157949964773
1999-09-08,0.0006026888619952964,0.002725226076319354
1999-09-09,0.0006532937411882542,0.002896668387576605
1999-09-10,0.00029429070197732116,0.0025152444951233323
1999-09-11,0.00025505193988900577,0.0012818966442717321
1999-09-12,0.0006061018738229926,0.0016880804402750773
1999-09-13,0.04618714035571831,0.0030635072104628867
1999-09-14,0.0006504050222905457,0.0032390556633467055
1999-09-15,0.001931310882585544,0.003917501650750154
1999-09-16,0.00576905566733953,0.0035464401692147964
1999-09-17,0.0010616509531448973,0.0032080101668830793
1999-09-18,0.0007062976826085701,0.00304092905670353
1999-09-19,0.003342630326376446,0.0034161815233523973
1999-09-20,0.0014617961565963524,0.004039575099944696
1999-09-21,0.009952990372723321,0.0038644200637930775
1999-09-22,5.885814027837806e-05,0.003804389260708793
1999-09-23,0.0,0.003754892796277525
1999-09-24,1.9619379946435e-05,0.003882348865270029
1999-09-25,0.00019619379946435,0.0039435831457371884
1999-09-26,1.9619380385508058e-05,0.004259887509047404
1999-09-27,0.0009490807111796459,0.004371170841157174
1999-09-28,0.0,0.003396875195204795
1999-09-29,0.0,0.0022330550886685975
1999-09-30,0.0,0.0029314118251199195
1999-10-01,0.0,0.0043301223590964
1999-10-02,0.0,0.0044912666976447
1999-10-03,1.9619379946435e-05,0.0043337591364975
1999-10-04,1.9619380531865736e-05,0.004187309997388716
1999-10-05,3.9238760185585385e-05,0.003726590777281141
1999-10-06,0.0002942907005137262,0.0029026968288230694
1999-10-07,0.004286429580402386,0.002764459173194465
1999-10-08,0.047721081926706294,0.0029031984256576056
1999-10-09,6.69936034206716e-05,0.003781815890222359
1999-10-10,0.0,0.003559230383484943
1999-10-11,0.0,0.0036028725150966455
1999-10-12,0.0008536873071412329,0.003393958244472251
1999-10-13,0.0005415724276779568,0.004471994528546499
1999-10-14,0.00014000967614987718,0.005033103130757299
1999-10-15,0.00010778451303984118,0.004368164552375085
1999-10-16,0.0,0.003890638424082939
1999-10-17,0.0,0.0038172046747054905
1999-10-18,0.0007660691697419604,0.00384187631681496
1999-10-19,1.961938023915038e-05,0.0037024229731172
1999-10-20,1.9619379946435e-05,0.0030182719817380818
1999-10-21,0.026981546601105192,0.004147302385651839
1999-10-22,2.6055552388065475e-05,0.004716505569405365
1999-10-23,5.885814027837808e-05,0.005488784056156508
1999-10-24,0.00017429674023411272,0.0050593861415977725
1999-10-25,0.0,0.003189339864067161
1999-10-26,0.006829701359621707,0.002274536656215285
1999-10-27,0.0028136967446174234,0.0018785837525498047
1999-10-28,0.0018176269348838263,0.0012851600572464361
1999-10-29,8.046823775452661e-05,0.0030178228402505916
1999-10-30,1.72119889779801e-05,0.004857348151504451
1999-10-31,0.0,0.004714816767721877
1999-11-01,0.0,0.003457310890778401
1999-11-02,0.0,0.003071713034063135
1999-11-03,0.00047698104501489754,0.002635414454154425
1999-11-04,0.09369545831029064,0.0009358313721602953
1999-11-05,0.018600588396200143,0.001587407054379219
1999-11-06,0.004313278478969641,0.0037767881527536917
1999-11-07,0.012594672047541949,0.003139551764353716
1999-11-08,0.00025397934946488123,0.001781163355335075
1999-11-09,0.004060522319147544,0.0037037710994476105
1999-11-10,0.018539933699134068,0.006106502808629777
1999-11-11,0.005446466300659802,0.006588841706513712
1999-11-12,0.008143029914971588,0.006081941563635463
1999-11-13,0.0009342107348027293,0.005532907806336229
1999-11-14,0.0011176464311995927,0.0057365477830165264
1999-11-15,0.0014092850461144017,0.00530566411465336
1999-11-16,1.971016869715e-05,0.0035033118017012903
1999-11-17,0.0,0.003817234329878864
1999-11-18,0.006055082396664666,0.005790222208946346
1999-11-19,0.0005885377824623006,0.0059803391322489075
1999-11-20,0.008190395484098712,0.00585040496289665
1999-11-21,0.008081667862252801,0.005013001047074278
1999-11-22,0.0033032514522764646,0.005526043377815925
1999-11-23,0.0,0.005327973119913906
1999-11-24,0.0003627804472038614,0.0028090507797892046
1999-11-25,0.006569127990181819,0.0022257819026704965
1999-11-26,0.005424285849378718,0.004849108293651981
1999-11-27,0.048434249839369975,0.006510673366486446
1999-11-28,0.021152366761636527,0.005479027837514182
1999-11-29,0.0001669977231971419,0.0048812279105179875
1999-11-30,0.0,0.005179970525204661
1999-12-01,0.0,0.003539469175040241
1999-12-02,0.0,0.003420630976557282
1999-12-03,0.0,0.0029656337536866236
1999-12-04,9.92060036739574e-05,0.004715608313679132
1999-12-05,0.0,0.0065086400136344005
1999-12-06,0.0,0.0069997613430016
1999-12-07,0.0010151734281015207,0.0068224127739662
1999-12-08,0.0001707910125147147,0.006537696383893
1999-12-09,0.0,0.0064416604414576
1999-12-10,0.0,0.0053517229259006
1999-12-11,0.0006033519335091422,0.0035904243141407525
1999-12-12,0.0018892323132768131,0.004385815542190525
1999-12-13,0.0107802792930708,0.006223254449664862
1999-12-14,0.0016558424480824633,0.005609332554041604
1999-12-15,0.0,0.00574398241937099
1999-12-16,0.0,0.00544306773692317
1999-12-17,0.0,0.003866153649985298
1999-12-18,0.0,0.0027735372968014605
1999-12-19,0.014811713043490828,0.004228929057716768
1999-12-20,0.0007669897430645295,0.005489705696701388
1999-12-21,0.017588727811526733,0.004884297743439074
1999-12-22,0.0,0.005407792717217901
1999-12-23,0.0,0.0066091944649808
1999-12-24,0.0017897830407980532,0.0065311270505183
1999-12-25,3.4807860163385e-05,0.006123167730867157
1999-12-26,2.4140412975144288e-05,0.006133323058485245
1999-12-27,2.4140413133091498e-05,0.0063240912482134
1999-12-28,0.0,0.0064549159258596
1999-12-29,0.0,0.0052999486178152
1999-12-30,9.46536798979868e-05,0.002862466253339787
1999-12-31,0.009110428919832316,0.002985454834997123
2000-01-01,0.01588618541125209,0.0063590494915838
2000-01-02,0.00033853773749648324,0.0071617978364223005
2000-01-03,0.0016923240780153924,0.006353942707180512
2000-01-04,0.003162078964027535,0.0052931541018182635
2000-01-05,0.0,0.0059853077307335
2000-01-06,0.0,0.006114227540790471
2000-01-07,0.0,0.0067366033419959
2000-01-08,0.002038700380314621,0.0063059538379306
2000-01-09,0.0,0.0060011455491181
2000-01-10,0.0023878162350848093,0.00520958048850248
2000-01-11,0.00031654750879701253,0.0037578592672938673
2000-01-12,0.0007719133480337157,0.0039037089273328647
2000-01-13,0.00014518012694314682,0.005796602703630403
2000-01-14,0.0,0.0058273383975023
2000-01-15,0.0,0.004734457798301814
2000-01-16,0.0016143356261779298,0.004492970384656714
2000-01-17,0.0007347139969411783,0.0065040677636856
2000-01-18,0.0,0.006548034980892636
2000-01-19,0.00569939303157531,0.006661549471318
2000-01-20,1.7211989363176798e-05,0.006708577178418064
2000-01-21,0.0,0.0059243786334985
2000-01-22,0.0,0.0064562300518149
2000-01-23,0.0,0.005667365111410125
2000-01-24,0.0,0.005891658943145782
2000-01-25,0.014969812430071143,0.0060770184844728195
2000-01-26,9.937209259571436e-06,0.006442908123135038
2000-01-27,0.01620786641847054,0.004678582850843315
2000-01-28,3.0900056341487864e-05,0.002414713282137702
2000-01-29,2.74756576991486e-13,0.002549021022393798
2000-01-30,0.02293213654943446,0.0061492687761777265
2000-01-31,0.0039491821210058805,0.0060477261617773725
2000-02-01,0.0005901926859766901,0.0052345844767982975
2000-02-02,0.00013957018699032052,0.005455994278192123
2000-02-03,0.0,0.0054230417720968465
2000-02-04,0.0,0.004951075855642003
2000-02-05,0.0,0.0056818154901261166
2000-02-06,0.0,0.006076076529919553
2000-02-07,7.574069202711158e-05,0.006573823604732144
2000-02-08,5.88261555918195e-05,0.0063115304559463285
2000-02-09,0.0,0.006143831130116362
2000-02-10,0.0,0.005769189562648079
2000-02-11,0.0,0.005863143593072291
2000-02-12,0.0,0.00512867924943499
2000-02-13,0.0001554994374148809,0.0033847068231546984
2000-02-14,0.0022904049051578512,0.0024493212187658283
2000-02-15,0.0029557304517557866,0.002802447197958361
2000-02-16,0.016716595955005353,0.0035401956383134033
2000-02-17,8.642549823233728e-05,0.00471277617104285
2000-02-18,0.0,0.0055815090388054555
2000-02-19,0.0,0.006324447466060026
2000-02-20,0.0,0.006285556215792495
2000-02-21,0.0,0.006060962181537905
2000-02-22,0.0001827868330060584,0.005910320725291377
2000-02-23,0.004368624022307147,0.005892648464068306
2000-02-24,0.0,0.005325326786376099
2000-02-25,0.0,0.005387198831885454
2000-02-26,0.0005939168063126392,0.0060624415075866194
2000-02-27,0.0,0.0060302102081472506
2000-02-28,0.0,0.005746035296469327
2000-02-29,0.0,0.005179725985973554
2000-03-01,0.012310105226678823,0.0037334221675986382
2000-03-02,0.022512109548236875,0.003356883287429318
2000-03-03,0.00397627660224789,0.005758503414689935
2000-03-04,0.0,0.0055002258233721015
2000-03-05,0.0,0.005226578423752781
2000-03-06,0.0,0.004973759086802059
2000-03-07,6.9008608361159e-05,0.005105810604989088
2000-03-08,0.0,0.005375896824188579
2000-03-09,0.0,0.0050375214181835
2000-03-10,0.0,0.004581895035691112
2000-03-11,7.402981220122749e-05,0.0042806732691819055
2000-03-12,0.0018052338100876658,0.0043837334886187
2000-03-13,0.003302471496440719,0.0049677864313121
2000-03-14,0.0067559601873923274,0.0038188458308571283
2000-03-15,0.0003174983045654814,0.0034896943308408983
2000-03-16,0.00032095965828788444,0.0050406218990679
2000-03-17,0.0,0.0049769903495904
2000-03-18,0.0,0.0048834269195788
2000-03-19,0.0,0.004308649949728981
2000-03-20,0.0,0.004404059745370978
2000-03-21,0.0,0.004775826871394699
2000-03-22,0.00013161190767176624,0.00411211527138911
2000-03-23,0.0,0.003117992624639818
2000-03-24,0.0,0.004381206601857612
2000-03-25,0.0,0.004678330980240841
2000-03-26,0.0,0.004474403008818043
2000-03-27,0.0,0.004612192958592748
2000-03-28,0.0006397105950296919,0.0042926319763059405
2000-03-29,0.0002730577087352298,0.00404162753373335
2000-03-30,0.004608482414154222,0.004034346591680708
2000-03-31,6.335737611264174e-06,0.0043541795760386436
2000-04-01,0.0,0.004340818554162533
2000-04-02,0.0,0.0031565454304213554
2000-04-03,0.002825305343872927,0.0026030323784794174
2000-04-04,0.005086144473456117,0.0026718172803515345
2000-04-05,0.00026629349404988766,0.002125259835272523
2000-04-06,0.002155240826281819,0.0026657289098944953
2000-04-07,0.005692076900592661,0.0040739998221393705
2000-04-08,0.00390656010344983,0.003912469914182493
2000-04-09,0.0,0.003546099474653108
2000-04-10,0.0005189772569887138,0.0029047824358562216
2000-04-11,0.0004275847588668036,0.0030029709180812683
2000-04-12,9.9372090371811e-06,0.0035129117909814436
2000-04-13,0.0,0.0034213566868563023
2000-04-14,0.0,0.0034005018249149577
2000-04-15,0.0,0.0031570630106139506
2000-04-16,1.9619379946435e-05,0.0027904903045849203
2000-04-17,0.0002147653068498074,0.0020673457598309576
2000-04-18,0.0007904316512400273,0.002038575453217808
2000-04-19,0.011124569197567878,0.0018463236009700766
2000-04-20,0.00018223560372824607,0.0028275564871724224
2000-04-21,0.04968251530920336,0.0032161093689497583
2000-04-22,0.002008703414865545,0.0026475625000889846
2000-04-23,0.007286560081997199,0.0021810976490373576
2000-04-24,0.00592874952948825,0.002931709907948363
2000-04-25,0.007934942523486206,0.0022094848372503934
2000-04-26,0.00031411994819759246,0.001897758120670505
2000-04-27,0.0,0.002948108155512813
2000-04-28,0.0,0.002869472364196037
2000-04-29,0.0,0.002808990940291146
2000-04-30,0.0,0.0025806967681851404
2000-05-01,0.0,0.0018049710914488698
2000-05-02,0.0,0.0018455711491402536
2000-05-03,0.0,0.0024796229004856
2000-05-04,0.0,0.0022460900545116114
2000-05-05,0.0,0.0023901998773213948
2000-05-06,0.0,0.001572427622973599
2000-05-07,0.010631782526639325,0.0014660015404220949
2000-05-08,0.0026650816185899125,0.0012338079176839908
2000-05-09,0.009283577997889942,0.00046044562663882967
2000-05-10,0.0008321677761351129,0.0007931000031528082
2000-05-11,0.012794179001897754,0.0003357338020578028
2000-05-12,0.04288083011561279,0.0011303664706643543
2000-05-13,8.77254513702127e-05,0.0022461081035430224
2000-05-14,0.006735267618469008,0.0018592099770901379
2000-05-15,0.0004770797067287977,0.0011230342052875317
2000-05-16,0.00232580476221587,0.0023289081677790365
2000-05-17,1.09905402406029e-05,0.002077237408607794
2000-05-18,0.0,0.0014761295691128997
2000-05-19,0.0,0.0013179697357115548
2000-05-20,3.6411142694720475e-05,0.0018422429189082388
2000-05-21,0.01048789518146344,0.0018737582117315235
2000-05-22,0.0003653948589407313,0.0014822886809703496
2000-05-23,0.0,0.0019978451244529903
2000-05-24,1.732627771007607e-05,0.0019705329462880897
2000-05-25,0.002889340403097834,0.0018559153266248963
2000-05-26,0.002996576920463289,0.0014607589766379618
2000-05-27,0.005840592828668813,0.0014821666702624946
2000-05-28,3.0700708937753e-05,0.001122214587405117
2000-05-29,0.004456763281026995,0.0010169753935187304
2000-05-30,0.036122958799724804,0.001763223294168306
2000-05-31,0.00017083209496044084,0.0012823043037203227
2000-06-01,0.016164027122908542,0.0013420080207284257
2000-06-02,0.0005409249142991637,0.0014793231412765701
2000-06-03,0.011721141260591116,0.001652602899819247
2000-06-04,0.011751767522012459,0.001297161776572298
2000-06-05,0.0013814342401081373,0.0008727395599705202
2000-06-06,0.011215606479380517,0.0012919819969678858
2000-06-07,0.004795785649484031,0.0015604104585941218
2000-06-08,0.004406644855427127,0.0017317174058404422
2000-06-09,0.0013592892576600628,0.0014594549182798367
2000-06-10,0.0021668250713359136,0.0013276893254367279
2000-06-11,0.004422546820385978,0.0017309635970738273
2000-06-12,0.0015168379855871007,0.001668744470923737
2000-06-13,0.012488752819532632,0.0010826746625823775
2000-06-14,5.711098758306677e-05,0.0010400827107948912
2000-06-15,0.0007624218118338543,0.0016710545774545884
2000-06-16,1.0990540486566317e-05,0.0015756963528688638
2000-06-17,0.0,0.000977912058122322
2000-06-18,0.00040823862024286483,0.0010284496871751834
2000-06-19,0.0001455573873261504,0.0013241519834842341
2000-06-20,0.0,0.001249681865796075
2000-06-21,0.0,0.0012734782332551682
2000-06-22,0.0,0.000839128609746404
2000-06-23,0.0005973920873131716,0.0005849520815535104
2000-06-24,0.0022366394659278045,0.00046318269427865743
2000-06-25,0.002674192736575703,0.0004886193391866983
2000-06-26,0.002353402291964794,0.0004961363244801177
2000-06-27,0.015817680454359304,0.0002913659820333124
2000-06-28,0.0943489752089894,0.0003775473502464291
2000-06-29,0.027162248460993407,0.0014380650650706245
2000-06-30,0.0003366872394349996,0.0016264553721990534
2000-07-01,0.007809449371605037,0.0009540170151737943
2000-07-02,0.06076380784776166,0.00045089117018496587
2000-07-03,0.041041951624525896,0.00017863563948776565
2000-07-04,0.0011957168055934594,0.0005581175526603191
2000-07-05,0.0015852239091491574,0.00039212182455230506
2000-07-06,0.004275730882490076,0.0002798679610714317
2000-07-07,0.001754146707849474,0.0007941133226265832
2000-07-08,0.0014800102465993299,0.0014266780922186834
2000-07-09,2.8394470632814e-05,0.0017654936537142315
2000-07-10,0.0,0.001757125319912616
2000-07-11,0.0,0.0014199695922431158
2000-07-12,0.0001559218554752958,0.0005074222637340427
2000-07-13,0.0005139011088878628,0.000357569054234773
2000-07-14,0.0001862926204809972,0.00036926017375662915
2000-07-15,0.005889746452162769,0.0002458888106048107
2000-07-16,0.0011085209464959471,0.0002047904436476529
2000-07-17,0.0012062792332243992,0.00033310582023113956
2000-07-18,0.007838081055015971,0.00021571411006152631
2000-07-19,0.019570049330698266,0.0005407755607738724
2000-07-20,0.0561936554408906,0.0011153860064221366
2000-07-21,0.03269311082802235,0.0020210988372562208
2000-07-22,0.000796476395943521,0.001996520865708239
2000-07-23,0.002749917400368841,0.0019108449146148737
2000-07-24,0.0002935144987906812,0.0013847965374585184
2000-07-25,0.00014555326059672503,0.0010905819814649143
2000-07-26,0.0005058499108975734,0.0014822642505166808
2000-07-27,4.59865295887241e-06,0.001814713098108379
2000-07-28,0.021827042594281386,0.002146525230258424
2000-07-29,0.0004066908560836716,0.0015960319973523664
2000-07-30,5.581575477670309e-05,0.0010703450888393156
2000-07-31,0.0023604259237298714,0.0015186379067595782
2000-08-01,0.0013040165370693832,0.002133743334561023
2000-08-02,0.000138109391175605,0.0019447168782349505
2000-08-03,0.004379969532489982,0.001761790715157485
2000-08-04,0.0030302599456810387,0.0021809635460373206
2000-08-05,2.97698484682889e-05,0.0022095786035056415
2000-08-06,0.0,0.002254482626914533
2000-08-07,0.0,0.0022466662302610646
2000-08-08,0.0,0.0022975533902641924
2000-08-09,0.0,0.0018186001591381398
2000-08-10,0.0,0.0016259561292822225
2000-08-11,0.004868529330962895,0.0025445536002511844
2000-08-12,0.021155938847422763,0.0019637591633942762
2000-08-13,7.146109882182563e-05,0.001673852402716594
2000-08-14,0.0,0.002509836956858169
2000-08-15,0.0,0.002500255569815233
2000-08-16,0.0,0.002221747085684543
2000-08-17,0.0018731788060191738,0.0018329203403549717
2000-08-18,0.011102709097082216,0.0025651558092790656
2000-08-19,0.002582018055997327,0.00237890503741771
2000-08-20,0.0008716738099865628,0.002753161765634632
2000-08-21,0.0007530202695051762,0.0028222049027676406
2000-08-22,0.0008050854122529577,0.0027532309284429733
2000-08-23,0.00015212541070081588,0.0025743710622187473
2000-08-24,0.0,0.002174519551917479
2000-08-25,0.0019498678361920025,0.0012681439388539954
2000-08-26,0.025164281921483456,0.0021473329234863105
2000-08-27,0.00018883168011022035,0.00278746049851128
2000-08-28,0.0020248219881635944,0.002543693132698156
2000-08-29,6.7075112365809e-05,0.00247523723705612
2000-08-30,0.03432295206360076,0.003058622767682616
2000-08-31,0.004431319834464717,0.003076297026127095
2000-09-01,0.0029450606004434,0.003017955492250172
2000-09-02,0.00048496437820484494,0.0031372450208288633
2000-09-03,4.199496561780916e-05,0.002659884343854628
2000-09-04,0.004118585217308935,0.0027063673548395214
2000-09-05,0.007499805374244364,0.001915863349102065
2000-09-06,0.00016198622345160718,0.002252044863998527
2000-09-07,0.007392941570757682,0.0030616190917785433
2000-09-08,3.9481025779854675e-05,0.0031678130179638875
2000-09-09,0.005795119456583904,0.003735025072469905
2000-09-10,0.002786609748472298,0.003606500376015491
2000-09-11,0.00018884332026176278,0.003430569440125824
2000-09-12,0.0005123692078583962,0.0035068246237929383
2000-09-13,0.00474069283008477,0.0031996291279788834
2000-09-14,0.0012935390578594993,0.003048085894435307
2000-09-15,0.0,0.0028830162547523134
2000-09-16,0.0,0.002873436346649509
2000-09-17,0.0,0.003162633344530495
2000-09-18,6.33573746947317e-06,0.0017421898599710977
2000-09-19,0.0,0.001885997749864715
2000-09-20,0.0,0.0020956567227836853
2000-09-21,0.0001967146413090609,0.003427253738045265
2000-09-22,0.0005326066455990173,0.0035407229140395732
2000-09-23,0.0,0.002685401732101622
2000-09-24,0.011072470477869698,0.004274571925401255
2000-09-25,0.010882258008956284,0.0041163594126695825
2000-09-26,0.0036562199944565714,0.0037470419630403202
2000-09-27,0.0,0.0036343670934434274
2000-09-28,0.0,0.0029541254118082096
2000-09-29,0.0004535287478996127,0.002421042703091651
2000-09-30,0.002594738873566091,0.002025895025580712
2000-10-01,0.0021499469603069106,0.0030080145597453636
2000-10-02,0.01600528009097854,0.003979820780455737
2000-10-03,0.0004334822575739287,0.0028434486240144167
2000-10-04,0.0023874582826654074,0.0030992167666551
2000-10-05,0.0,0.0027215441912408224
2000-10-06,0.0003673841495327137,0.0018404044853521156
2000-10-07,0.00014365494425708285,0.0018135815234849673
2000-10-08,0.0011541664624949786,0.003579268943517985
2000-10-09,0.0012631372675547987,0.004861257285810525
2000-10-10,0.0,0.004610770294442244
2000-10-11,0.014029085221462529,0.0037924498412753235
2000-10-12,0.0055856579863079155,0.0028864621929820416
2000-10-13,0.00021499420057603108,0.004069853242486151
2000-10-14,0.0,0.004526292065157942
2000-10-15,0.0012493724679972715,0.004623501934110558
2000-10-16,0.0012726268830921767,0.004960659220813982
2000-10-17,5.795105997824678e-05,0.0048265041746193135
2000-10-18,0.0,0.0048598635159427875
2000-10-19,0.0,0.004741903759538671
2000-10-20,0.0,0.0047640329748388655
2000-10-21,0.0,0.004835236024111126
2000-10-22,0.0,0.005138608754146395
2000-10-23,0.0,0.004402363752014329
2000-10-24,0.0,0.0020791535968887782
2000-10-25,9.700722220409993e-05,0.0023371032844292498
2000-10-26,0.000610749327130151,0.00477008436806447
2000-10-27,0.0005082529001311914,0.0034649061858647912
2000-10-28,5.586362411510914e-05,0.0027591441106046945
2000-10-29,0.0072630455134850905,0.003935962684451961
2000-10-30,9.650154270412306e-05,0.005325793754308954
2000-10-31,0.00429491088892733,0.004961965220048319
2000-11-01,0.00012620383850580998,0.003543459225445505
2000-11-02,0.0001223443327610708,0.0039221783354874305
2000-11-03,1.06020533849673e-13,0.003447883484884535
2000-11-04,0.07733538488030127,0.0018419164754446666
2000-11-05,0.04830656106096908,0.004404689192771328
2000-11-06,0.006427279971605428,0.004350124701857022
2000-11-07,0.0011478354094156575,0.0019810249637808247
2000-11-08,0.0018721006126722905,0.004234019767492514
2000-11-09,1.73306210467942e-13,0.00399046797119033
2000-11-10,0.0002686438712287495,0.003568426821380419
2000-11-11,0.0,0.004989388987421532
2000-11-12,0.0,0.005638916298746304
2000-11-13,9.99475055389615e-05,0.005422390937804765
2000-11-14,0.0,0.004977536071091324
2000-11-15,0.0017450742082810318,0.004021356504410033
2000-11-16,0.00014546500341524693,0.002691339975222621
2000-11-17,6.33573746947317e-06,0.0037334418296807934
2000-11-18,0.0013113603285288076,0.004242388553917028
2000-11-19,0.00044506307617613505,0.004589757725595885
2000-11-20,0.0,0.003364248864352143
2000-11-21,0.0007711297658427508,0.003443431742488771
2000-11-22,0.010933133434298399,0.00582422256469679
2000-11-23,0.0,0.006124825239181085
2000-11-24,0.0,0.006007579930126091
2000-11-25,0.0014547073431446758,0.006326916128396546
2000-11-26,0.0005124116350623028,0.00603816154599111
2000-11-27,2.976984895640146e-05,0.005811613231896621
2000-11-28,0.008603047537141785,0.005770539373158877
2000-11-29,0.0021660127892617585,0.004701321817934052
2000-11-30,0.0,0.006257184460758581
2000-12-01,0.0,0.005462392851709615
2000-12-02,0.0,0.005788926683365723
2000-12-03,4.59865538660195e-06,0.0059441107809536774
2000-12-04,0.025225850740747034,0.0039961666539308225
2000-12-05,0.004548716431362521,0.0017181722074741423
2000-12-06,0.005617950298422335,0.0041790244244033665
2000-12-07,4.34579156275748e-05,0.0065320094227782
2000-12-08,0.0003502742861851419,0.0065915901288384
2000-12-09,0.0,0.006109319232403661
2000-12-10,0.007520977268976785,0.005595025274901896
2000-12-11,0.014640067653416506,0.005634247988462
2000-12-12,0.005053754854154511,0.005278123252093149
2000-12-13,6.246027133848321e-05,0.006281059816479
2000-12-14,0.0,0.006064899712800332
2000-12-15,0.0,0.0063580950647587
2000-12-16,0.0,0.006158550418912862
2000-12-17,0.0,0.006816895410418
2000-12-18,2.976984857120475e-05,0.0054994029030198
2000-12-19,0.000159456192912499,0.003099614066362263
2000-12-20,0.011310610543136045,0.0035854641608887247
2000-12-21,0.0002927373588485094,0.005946091666817307
2000-12-22,0.0,0.005424935102462171
2000-12-23,0.0,0.0031891036443408042
2000-12-24,0.0,0.00352176162600454
2000-12-25,0.0,0.0030749217739571306
2000-12-26,4.938922841472392e-05,0.004030023023485687
2000-12-27,1.74039300027189e-05,0.0069775450676672
2000-12-28,0.0,0.006821766292093629
2000-12-29,0.01469693532769999,0.006890576836535798
2000-12-30,0.029875420581689998,0.005682474501430453
2000-12-31,0.009957379272957466,0.005683808878063674
2001-01-01,0.0008880171409161702,0.005738687992095285
2001-01-02,0.003808485647550264,0.0056193581596010005
2001-01-03,0.0,0.005761059463023572
2001-01-04,0.0,0.0069191915467374
2001-01-05,3.95417135754587e-05,0.0070314820185298
2001-01-06,0.0,0.0071181517913932
2001-01-07,0.0,0.0071204580664629
2001-01-08,0.0,0.0065473853945725
2001-01-09,0.0,0.005586276926099677
2001-01-10,0.005648844454967269,0.004744219258427035
2001-01-11,0.04165784226129973,0.0034089904334390596
2001-01-12,0.003967993865230747,0.0065882879644626
2001-01-13,0.0,0.006647821545600285
2001-01-14,0.004093171628109569,0.006184149757027
2001-01-15,0.0013262909530329674,0.004961105573921697
2001-01-16,0.0018709722457994004,0.005434388995169892
2001-01-17,0.00010743107705384031,0.00551767638325635
2001-01-18,0.0,0.005358363755046632
2001-01-19,0.0,0.00550369315594385
2001-01-20,0.0,0.004840280927717206
2001-01-21,0.0,0.004152414217590832
2001-01-22,6.378727734237603e-05,0.006598134316503271
2001-01-23,0.0,0.006272523112594611
2001-01-24,0.0,0.004395482394843659
2001-01-25,0.00022682854576945525,0.004443254224955512
2001-01-26,0.005192761674046373,0.006827277399598925
2001-01-27,0.00027826782813648106,0.006145220384001111
2001-01-28,0.0,0.005439907677471092
2001-01-29,0.0,0.005758929893373849
2001-01-30,0.0,0.00517012028396076
2001-01-31,0.008834454773652387,0.0048677870407695155
2001-02-01,0.0,0.006416619636117722
2001-02-02,0.0,0.00602203403785764
2001-02-03,0.0,0.006167834781109829
2001-02-04,0.0,0.005089340690522899
2001-02-05,0.0,0.004706876233219592
2001-02-06,0.0010904552382770397,0.005239382080733347
2001-02-07,0.0012939992100167417,0.004720732066779847
2001-02-08,0.004304997603744783,0.004512244198470755
2001-02-09,0.0,0.0046726931817825225
2001-02-10,0.0005762117771513424,0.0027650235146279615
2001-02-11,0.053334430617410215,0.0014319201647302166
2001-02-12,0.0026507515755685254,0.003175676327198161
2001-02-13,0.006796799252921459,0.0022966793654482127
2001-02-14,0.002556315840327697,0.0030308703873300827
2001-02-15,8.682202077072828e-05,0.005755844917147776
2001-02-16,0.0,0.005917157517745595
2001-02-17,0.025959227720118532,0.004759568532928249
2001-02-18,0.00041310081180845137,0.0040081826373930774
2001-02-19,0.0009138171756508226,0.0021676642019296385
2001-02-20,0.004798537880925774,0.0015527686243872645
2001-02-21,0.0037287472452970163,0.0018122269511219305
2001-02-22,2.26894172629096e-12,0.00391808818746305
2001-02-23,0.013224180734395848,0.005896160982548772
2001-02-24,0.0005571625540098216,0.005292117250151286
2001-02-25,0.0,0.005280964924021922
2001-02-26,0.00062812430108628,0.004470668516586909
2001-02-27,0.00023857564768952298,0.0037893133871251023
2001-02-28,0.0018734754344974654,0.004228200703858797
2001-03-01,0.00021768593187013218,0.005378353092819028
2001-03-02,0.0,0.005317830663173786
2001-03-03,0.0,0.0053268893659109105
2001-03-04,9.937211958146401e-06,0.004892838912084149
2001-03-05,0.010072531077351753,0.004408666606992013
2001-03-06,0.0,0.0027584279552096626
2001-03-07,0.0001157273908327736,0.002234067872631995
2001-03-08,0.0038999992184596227,0.0022562004225323722
2001-03-09,0.009915280790128812,0.004156044131610087
2001-03-10,0.008932812143355404,0.0052547763884061
2001-03-11,0.0,0.0050311460345977
2001-03-12,0.0,0.0046026346161954996
2001-03-13,0.0,0.0045164780318731
2001-03-14,0.0031577184725031892,0.005183174669742
2001-03-15,0.00013492011676635664,0.0049367873594157
2001-03-16,0.0010231654247236323,0.0042921070083971
2001-03-17,0.008041148409275405,0.003272820457815517
2001-03-18,0.005395592840808422,0.0020218959115439264
2001-03-19,0.001258086171228121,0.003226557247340206
2001-03-20,0.0005069444967544758,0.004782192327081717
2001-03-21,0.0005655088396697429,0.00473279035091364
2001-03-22,0.0,0.004723682932555237
2001-03-23,0.0,0.004809390559792049
2001-03-24,0.0,0.0047465874701735815
2001-03-25,0.0,0.004491352528333075
2001-03-26,0.0,0.004050585180520711
2001-03-27,0.0,0.0037519998326892437
2001-03-28,0.0022757214829813195,0.004449082210659363
2001-03-29,0.000650321620470517,0.004570999540388074
2001-03-30,0.00011176390862409562,0.0033223592154676867
2001-03-31,0.00013502269509999552,0.0018212374467398795
2001-04-01,0.00867472594899483,0.0006444531646555548
2001-04-02,0.07472618776510695,0.001504973132163053
2001-04-03,0.001764476070761885,0.003357233759015268
2001-04-04,0.0006435714880308279,0.002777414748444649
2001-04-05,0.0,0.002181614819913624
2001-04-06,0.001177950328849373,0.0022124741170550907
2001-04-07,0.0,0.0038337498828763792
2001-04-08,0.0,0.0035687539447092774
2001-04-09,0.0,0.0031142299305643305
2001-04-10,0.0,0.0027679887413973154
2001-04-11,0.0,0.002327873541041766
2001-04-12,0.05871146307479983,0.00217525977874133
2001-04-13,0.037871183669072106,0.003580408246256049
2001-04-14,0.0011548856834061021,0.003646541781723084
2001-04-15,0.0,0.0030121993549396425
2001-04-16,0.0,0.001963236065231821
2001-04-17,7.9768794749295e-13,0.0014946780328170626
2001-04-18,0.00020279339856773846,0.0010221508587708622
2001-04-19,0.0010031890079022954,0.0020491679385299536
2001-04-20,0.0031419348693814903,0.0033326777629548855
2001-04-21,0.0,0.0034191776812071877
2001-04-22,0.0007969514909608119,0.003361062273382628
2001-04-23,0.0,0.0030150543022896695
2001-04-24,0.0,0.002839975578710026
2001-04-25,5.44104310524134e-05,0.002953808914869529
2001-04-26,0.0,0.0022278096675869864
2001-04-27,0.00021489458307693204,0.0007230049958451906
2001-04-28,0.0008373631313815918,0.0010756782491222795
2001-04-29,0.00456147718556543,0.0008271945819722585
2001-04-30,0.004108710121781199,0.000656586180208113
2001-05-01,0.006596286337449919,0.0008202197625067635
2001-05-02,0.06407269852814704,0.0010832119258117317
2001-05-03,0.0006567406035308868,0.0009300527331322955
2001-05-04,0.03170177118927977,0.0014417967945332816
2001-05-05,0.011775334958130665,0.0022309536263341776
2001-05-06,0.0028487188767027465,0.0025823966488237363
2001-05-07,0.0012289160023410315,0.0027798294723029005
2001-05-08,1.267147493894634e-05,0.0025413450002665728
2001-05-09,0.0,0.002099272832274158
2001-05-10,0.054204677215115404,0.0014555658306923736
2001-05-11,0.010645061827642221,0.0015520647689695557
2001-05-12,0.007544237497195377,0.0022380230203267416
2001-05-13,0.00011354886235779359,0.00234617077559181
2001-05-14,0.001317872790821621,0.0024130477681752003
2001-05-15,0.0007375276647544358,0.00223400902748058
2001-05-16,0.0001285990022818193,0.0020744142271574744
2001-05-17,0.00010476500461156581,0.0015862761251626283
2001-05-18,0.0003189263068653839,0.00135569969192116
2001-05-19,0.01016505821576052,0.0018804052285846546
2001-05-20,0.00129354914609488,0.001227133776992313
2001-05-21,0.00569565662558881,0.001390408620237959
2001-05-22,0.012565294671470472,0.001960582599043525
2001-05-23,0.0023203088342933333,0.0012261103205380213
2001-05-24,0.002893659541798985,0.0013441872149702245
2001-05-25,0.013778701865692713,0.001968018114566492
2001-05-26,0.016987671322863804,0.00154253507219226
2001-05-27,0.022289192680475255,0.0016431484557683927
2001-05-28,0.002797815852746797,0.0015310325436291299
2001-05-29,0.01650432764336099,0.000623447848483854
2001-05-30,0.06521012837443232,0.0011797990389164218
2001-05-31,0.003089217975022515,0.0014793485160912905
2001-06-01,0.0009213552622809718,0.0015832353122529586
2001-06-02,0.002373382535642628,0.00180437347106593
2001-06-03,1.09905402406029e-05,0.0018283255212005202
2001-06-04,0.0,0.00183016329444898
2001-06-05,0.0,0.0017771029192951747
2001-06-06,0.0,0.0018467780258504412
2001-06-07,5.882615571887722e-05,0.0018666576165701774
2001-06-08,0.0010850863016772518,0.0016741817202415167
2001-06-09,0.0005985380718860474,0.001606224074959315
2001-06-10,0.023981557106222684,0.0018141723945732822
2001-06-11,7.88053485617869e-05,0.0014555510357018558
2001-06-12,0.0,0.001208899490534922
2001-06-13,0.0001803718420284946,0.0007073952276257258
2001-06-14,0.001174218166567234,0.00025434942357242113
2001-06-15,0.007574607655452712,0.000461351272067856
2001-06-16,0.008298712992167792,0.0012551591852677216
2001-06-17,0.007104489458842556,0.0014713473711160001
2001-06-18,0.0036695183390704133,0.0017686598431314706
2001-06-19,0.0,0.0016332416506481323
2001-06-20,0.0003082797165587984,0.0016666932450605
2001-06-21,6.335737611264174e-06,0.0015513515043999219
2001-06-22,1.971016869715e-05,0.0013971038302402856
2001-06-23,0.0007687375978459208,0.0015123963281507024
2001-06-24,0.00406070814798082,0.0013763916734603032
2001-06-25,0.001190096778135768,0.0011674997247753012
2001-06-26,0.0042159158103731035,0.0016041271835562853
2001-06-27,0.002061264684025227,0.0015621466059233978
2001-06-28,0.004413697941496681,0.0016750836409625586
2001-06-29,0.0001895552885613059,0.0015950325932350719
2001-06-30,4.841827542437721e-05,0.0016712292060251242
2001-07-01,0.0,0.0016510083433237256
2001-07-02,0.0,0.0014244116563345644
2001-07-03,3.94203373943e-05,0.0008570830798705936
2001-07-04,5.882615592094531e-05,0.00043903440656140454
2001-07-05,0.0004819134252407373,0.0003469005993101746
2001-07-06,0.004989306192322865,0.00040385526022866864
2001-07-07,0.006846831065569069,0.0008836385291067059
2001-07-08,0.0022562494616783666,0.0011104314234104216
2001-07-09,0.00034097728693789414,0.0016113466750826686
2001-07-10,0.0,0.0016356268227097031
2001-07-11,0.0010469976113695592,0.0015954044498499378
2001-07-12,0.0006356139397384509,0.0017389667239037666
2001-07-13,5.3373725537283226e-05,0.0017286216113712848
2001-07-14,0.0010347079991105193,0.0013253533225504024
2001-07-15,0.001591125392036259,0.0008349752258508443
2001-07-16,0.012564137083625632,0.0015719583872701752
2001-07-17,0.01001861590036747,0.0017075502574440838
2001-07-18,0.028431977768605714,0.0015191101841625523
2001-07-19,0.019667309357772764,0.0015686002410944622
2001-07-20,0.008863314274044999,0.0009846922811118776
2001-07-21,0.004359253969908195,0.0010603481009599357
2001-07-22,6.81015277487918e-05,0.0015861338786776406
2001-07-23,6.335737611264174e-06,0.001903433389961353
2001-07-24,0.0005952205349639171,0.001972933784126756
2001-07-25,0.00015477905585897247,0.0019436327405269235
2001-07-26,0.0001639079803279011,0.002007343012839142
2001-07-27,0.0015320713751776492,0.0020569800361988316
2001-07-28,0.0,0.0016155297197398644
2001-07-29,0.00925826273572715,0.0010704809315498951
2001-07-30,0.015459091989476755,0.001721803121268174
2001-07-31,0.0005259420510256846,0.002191939834504871
2001-08-01,0.0002039310548810539,0.0021404232457277995
2001-08-02,0.0008831055307640002,0.002150038391351447
2001-08-03,0.007539374904582121,0.002065297573804389
2001-08-04,1.09905402406029e-05,0.00217517513781745
2001-08-05,2.59551174159082e-05,0.002239035665988441
2001-08-06,6.335737611264174e-06,0.00198886123299561
2001-08-07,0.002214481757622039,0.001043277675285574
2001-08-08,0.012137337113744337,0.001600024446844567
2001-08-09,0.0004896891907314265,0.002437421806156305
2001-08-10,0.004401129910383451,0.002571800231933259
2001-08-11,0.013304339550957035,0.0024699505344029
2001-08-12,0.0001330373903519605,0.0023213053122160244
2001-08-13,0.00018110404650516194,0.0023178669959302662
2001-08-14,0.003043071091149933,0.002300768166780074
2001-08-15,0.001961249190994787,0.0017752333357926356
2001-08-16,1.09905402406029e-05,0.001528228591341399
2001-08-17,0.0,0.001630231678485515
2001-08-18,0.005628647651824735,0.002007938915397707
2001-08-19,0.003589839802818555,0.0018736401791681163
2001-08-20,0.0029773176373859584,0.001627259570173531
2001-08-21,2.595511741590817e-05,0.002628622986375807
2001-08-22,2.976984895640146e-05,0.0029655387308444962
2001-08-23,0.001081730605641672,0.0028379983976477637
2001-08-24,0.004527567153259272,0.0028343056961888627
2001-08-25,0.0076246836794420896,0.002800243386998193
2001-08-26,0.005447779499812925,0.0028858102113005386
2001-08-27,0.0003930870572287057,0.002817594092338917
2001-08-28,0.0,0.002263212652876647
2001-08-29,0.010842343284854332,0.0010696487046950272
2001-08-30,0.030110716817900125,0.0010887192127989592
2001-08-31,0.003064352238514255,0.00148486608546183
2001-09-01,0.10406561283919562,0.0021084529394279294
2001-09-02,0.016265591006911353,0.0021427760673682827
2001-09-03,0.0005070512133288199,0.001237485756166082
2001-09-04,0.08738147602864238,0.0018404479697344252
2001-09-05,0.0024985023797346913,0.0030540600158270362
2001-09-06,0.000143894523147018,0.0017275795042511527
